
{
    "helios": {
        "intensity": 0.41210460662841797,
        "heatMap": 0.6150460243225098,
        "xyz": 0.38698863983154297
    },
    "flir": {
        "timeStamp": 0.17926955223083496,
        "timeStamp2D": 0.171921968460083
    },
    "Total time taking images": 2.20635724067688
}