
{
    "helios": {
        "intensity": 0.39884424209594727,
        "heatMap": 0.6365921497344971,
        "xyz": 0.37371277809143066
    },
    "flir": {
        "timeStamp": 0.3663215637207031,
        "timeStamp2D": 0.22496891021728516
    },
    "Total time taking images": 2.4613037109375
}