
{
    "helios": {
        "intensity": 0.556908369064331,
        "heatMap": 0.7518613338470459,
        "xyz": 0.5644867420196533
    },
    "flir": {
        "timeStamp": 0.42747950553894043,
        "timeStamp2D": 0.39390039443969727
    },
    "Total time taking images": 3.576317310333252
}