
{
    "helios": {
        "intensity": 0.41533589363098145,
        "heatMap": 0.6171386241912842,
        "xyz": 0.3901994228363037
    },
    "flir": {
        "timeStamp": 0.08183431625366211,
        "timeStamp2D": 0.22686409950256348
    },
    "Total time taking images": 2.1140944957733154
}