
{
    "helios": {
        "intensity": 0.5603415966033936,
        "heatMap": 0.7601361274719238,
        "xyz": 0.5378479957580566
    },
    "flir": {
        "timeStamp": 0.19808673858642578,
        "timeStamp2D": 0.21435046195983887
    },
    "Total time taking images": 2.982546091079712
}