
{
    "helios": {
        "intensity": 0.41175365447998047,
        "heatMap": 0.6086249351501465,
        "xyz": 0.4028048515319824
    },
    "flir": {
        "timeStamp": 0.30666565895080566,
        "timeStamp2D": 0.17871427536010742
    },
    "Total time taking images": 2.34269642829895
}