
{
    "helios": {
        "intensity": 0.4073910713195801,
        "heatMap": 0.6056578159332275,
        "xyz": 0.37429094314575195
    },
    "flir": {
        "timeStamp": 0.15886497497558594,
        "timeStamp2D": 0.19344806671142578
    },
    "Total time taking images": 2.1874523162841797
}