
{
    "helios": {
        "intensity": 0.42548084259033203,
        "heatMap": 0.6195080280303955,
        "xyz": 0.3670053482055664
    },
    "flir": {
        "timeStamp": 0.09703540802001953,
        "timeStamp2D": 0.4653787612915039
    },
    "Total time taking images": 2.5273945331573486
}