
{
    "helios": {
        "intensity": 0.40343427658081055,
        "heatMap": 0.7881851196289062,
        "xyz": 0.3812747001647949
    },
    "flir": {
        "timeStamp": 0.16472196578979492,
        "timeStamp2D": 0.3178257942199707
    },
    "Total time taking images": 2.5654470920562744
}