
{
    "helios": {
        "intensity": 0.5766334533691406,
        "heatMap": 0.7439944744110107,
        "xyz": 0.5522615909576416
    },
    "flir": {
        "timeStamp": 0.29649925231933594,
        "timeStamp2D": 0.47832298278808594
    },
    "Total time taking images": 3.5145773887634277
}