
{
    "helios": {
        "intensity": 0.4245948791503906,
        "heatMap": 0.6073298454284668,
        "xyz": 0.3949472904205322
    },
    "flir": {
        "timeStamp": 0.28856539726257324,
        "timeStamp2D": 0.24628448486328125
    },
    "Total time taking images": 2.337120532989502
}