
{
    "helios": {
        "intensity": 0.40226316452026367,
        "heatMap": 0.7070603370666504,
        "xyz": 0.3929610252380371
    },
    "flir": {
        "timeStamp": 0.3066067695617676,
        "timeStamp2D": 0.22178959846496582
    },
    "Total time taking images": 2.468552827835083
}