
{
    "helios": {
        "intensity": 0.41171956062316895,
        "heatMap": 0.6121087074279785,
        "xyz": 0.3760206699371338
    },
    "flir": {
        "timeStamp": 0.32991981506347656,
        "timeStamp2D": 0.21040868759155273
    },
    "Total time taking images": 2.3202459812164307
}