
{
    "helios": {
        "intensity": 0.4065706729888916,
        "heatMap": 0.6110501289367676,
        "xyz": 0.3679218292236328
    },
    "flir": {
        "timeStamp": 0.37582898139953613,
        "timeStamp2D": 0.15730524063110352
    },
    "Total time taking images": 2.362673282623291
}