
{
    "helios": {
        "intensity": 0.3984224796295166,
        "heatMap": 0.6074910163879395,
        "xyz": 0.38567090034484863
    },
    "flir": {
        "timeStamp": 0.26511073112487793,
        "timeStamp2D": 0.21810483932495117
    },
    "Total time taking images": 2.279733180999756
}