
{
    "helios": {
        "intensity": 0.395674467086792,
        "heatMap": 0.6261255741119385,
        "xyz": 0.3725430965423584
    },
    "flir": {
        "timeStamp": 0.3204793930053711,
        "timeStamp2D": 0.23603081703186035
    },
    "Total time taking images": 2.336824417114258
}