
{
    "helios": {
        "intensity": 0.4075744152069092,
        "heatMap": 0.7867956161499023,
        "xyz": 0.38506340980529785
    },
    "flir": {
        "timeStamp": 0.19751763343811035,
        "timeStamp2D": 0.37923288345336914
    },
    "Total time taking images": 2.682274341583252
}