
{
    "helios": {
        "intensity": 0.4120674133300781,
        "heatMap": 0.6242711544036865,
        "xyz": 0.3797266483306885
    },
    "flir": {
        "timeStamp": 0.030809879302978516,
        "timeStamp2D": 0.22487235069274902
    },
    "Total time taking images": 2.089301347732544
}