
{
    "helios": {
        "intensity": 0.3959524631500244,
        "heatMap": 0.6206569671630859,
        "xyz": 0.39197516441345215
    },
    "flir": {
        "timeStamp": 0.2972385883331299,
        "timeStamp2D": 0.22171330451965332
    },
    "Total time taking images": 2.3550186157226562
}