
{
    "helios": {
        "intensity": 0.39888691902160645,
        "heatMap": 0.637040376663208,
        "xyz": 0.3829357624053955
    },
    "flir": {
        "timeStamp": 0.0968773365020752,
        "timeStamp2D": 0.19324469566345215
    },
    "Total time taking images": 2.0835561752319336
}