
{
    "helios": {
        "intensity": 0.4079465866088867,
        "heatMap": 0.630230188369751,
        "xyz": 0.37438225746154785
    },
    "flir": {
        "timeStamp": 0.32347583770751953,
        "timeStamp2D": 0.22567534446716309
    },
    "Total time taking images": 2.3402888774871826
}