
{
    "helios": {
        "intensity": 0.409912109375,
        "heatMap": 0.6192531585693359,
        "xyz": 0.36870765686035156
    },
    "flir": {
        "timeStamp": 0.17770791053771973,
        "timeStamp2D": 0.1561291217803955
    },
    "Total time taking images": 2.174633502960205
}