
{
    "helios": {
        "intensity": 0.3923625946044922,
        "heatMap": 0.6305291652679443,
        "xyz": 0.37128734588623047
    },
    "flir": {
        "timeStamp": 0.3060781955718994,
        "timeStamp2D": 0.19249510765075684
    },
    "Total time taking images": 2.3431148529052734
}