
{
    "helios": {
        "intensity": 0.3947017192840576,
        "heatMap": 0.6219244003295898,
        "xyz": 0.39044785499572754
    },
    "flir": {
        "timeStamp": 0.046143531799316406,
        "timeStamp2D": 0.2076263427734375
    },
    "Total time taking images": 2.1054511070251465
}