
{
    "helios": {
        "intensity": 0.559952974319458,
        "heatMap": 0.7457666397094727,
        "xyz": 0.5398843288421631
    },
    "flir": {
        "timeStamp": 0.3526918888092041,
        "timeStamp2D": 0.4009864330291748
    },
    "Total time taking images": 3.5338027477264404
}