
{
    "helios": {
        "intensity": 0.42026853561401367,
        "heatMap": 0.7987730503082275,
        "xyz": 0.372983455657959
    },
    "flir": {
        "timeStamp": 0.09474849700927734,
        "timeStamp2D": 0.17300629615783691
    },
    "Total time taking images": 2.4530842304229736
}