
{
    "helios": {
        "intensity": 0.40982556343078613,
        "heatMap": 0.6333942413330078,
        "xyz": 0.3758718967437744
    },
    "flir": {
        "timeStamp": 0.09163022041320801,
        "timeStamp2D": 0.19370388984680176
    },
    "Total time taking images": 2.0994150638580322
}