
{
    "helios": {
        "intensity": 0.6293835639953613,
        "heatMap": 0.7589452266693115,
        "xyz": 0.5553479194641113
    },
    "flir": {
        "timeStamp": 0.3318190574645996,
        "timeStamp2D": 0.2346806526184082
    },
    "Total time taking images": 3.224470853805542
}