
{
    "helios": {
        "intensity": 0.39429664611816406,
        "heatMap": 0.6120634078979492,
        "xyz": 0.37572741508483887
    },
    "flir": {
        "timeStamp": 0.04239010810852051,
        "timeStamp2D": 0.21172881126403809
    },
    "Total time taking images": 2.048311948776245
}