
{
    "helios": {
        "intensity": 0.4147982597351074,
        "heatMap": 0.6092350482940674,
        "xyz": 0.3851816654205322
    },
    "flir": {
        "timeStamp": 0.08347177505493164,
        "timeStamp2D": 0.2380359172821045
    },
    "Total time taking images": 2.252645492553711
}