
{
    "helios": {
        "intensity": 0.4131476879119873,
        "heatMap": 0.611785888671875,
        "xyz": 0.3677053451538086
    },
    "flir": {
        "timeStamp": 0.19999384880065918,
        "timeStamp2D": 0.22463393211364746
    },
    "Total time taking images": 2.209331512451172
}