
{
    "helios": {
        "intensity": 0.4240889549255371,
        "heatMap": 0.8218505382537842,
        "xyz": 0.3784067630767822
    },
    "flir": {
        "timeStamp": 0.32224512100219727,
        "timeStamp2D": 0.20810198783874512
    },
    "Total time taking images": 2.65320086479187
}