
{
    "helios": {
        "intensity": 0.41509556770324707,
        "heatMap": 0.7958977222442627,
        "xyz": 0.3617973327636719
    },
    "flir": {
        "timeStamp": 0.33789730072021484,
        "timeStamp2D": 0.1252281665802002
    },
    "Total time taking images": 2.6625802516937256
}