
{
    "helios": {
        "intensity": 0.4014718532562256,
        "heatMap": 0.6522974967956543,
        "xyz": 0.3715188503265381
    },
    "flir": {
        "timeStamp": 0.3444328308105469,
        "timeStamp2D": 0.20841693878173828
    },
    "Total time taking images": 2.419156551361084
}