
{
    "helios": {
        "intensity": 0.393247127532959,
        "heatMap": 0.6114439964294434,
        "xyz": 0.378603458404541
    },
    "flir": {
        "timeStamp": 0.040726661682128906,
        "timeStamp2D": 0.1763460636138916
    },
    "Total time taking images": 2.0355615615844727
}