
{
    "helios": {
        "intensity": 0.409808874130249,
        "heatMap": 0.6194553375244141,
        "xyz": 0.36714649200439453
    },
    "flir": {
        "timeStamp": 0.19260907173156738,
        "timeStamp2D": 0.2209165096282959
    },
    "Total time taking images": 2.217737913131714
}