
{
    "helios": {
        "intensity": 0.5734286308288574,
        "heatMap": 0.9668710231781006,
        "xyz": 0.5527346134185791
    },
    "flir": {
        "timeStamp": 0.15838265419006348,
        "timeStamp2D": 0.4573993682861328
    },
    "Total time taking images": 3.5076780319213867
}