
{
    "helios": {
        "intensity": 0.394179105758667,
        "heatMap": 0.6154227256774902,
        "xyz": 0.3716094493865967
    },
    "flir": {
        "timeStamp": 0.2784912586212158,
        "timeStamp2D": 0.253709077835083
    },
    "Total time taking images": 2.3125159740448
}