
{
    "helios": {
        "intensity": 0.39412736892700195,
        "heatMap": 0.6113302707672119,
        "xyz": 0.3824293613433838
    },
    "flir": {
        "timeStamp": 0.07936310768127441,
        "timeStamp2D": 0.28543686866760254
    },
    "Total time taking images": 2.1563868522644043
}