
{
    "helios": {
        "intensity": 0.40841197967529297,
        "heatMap": 0.6308629512786865,
        "xyz": 0.38106322288513184
    },
    "flir": {
        "timeStamp": 0.34543824195861816,
        "timeStamp2D": 0.21974635124206543
    },
    "Total time taking images": 2.407618284225464
}