
{
    "helios": {
        "intensity": 0.40639424324035645,
        "heatMap": 0.6222732067108154,
        "xyz": 0.36968040466308594
    },
    "flir": {
        "timeStamp": 0.09563398361206055,
        "timeStamp2D": 0.237823486328125
    },
    "Total time taking images": 2.111502170562744
}