
{
    "helios": {
        "intensity": 0.4148857593536377,
        "heatMap": 0.7819147109985352,
        "xyz": 0.3898167610168457
    },
    "flir": {
        "timeStamp": 0.1620020866394043,
        "timeStamp2D": 0.29900431632995605
    },
    "Total time taking images": 2.5735442638397217
}