
{
    "helios": {
        "intensity": 0.3999142646789551,
        "heatMap": 0.6244220733642578,
        "xyz": 0.3801078796386719
    },
    "flir": {
        "timeStamp": 0.19334816932678223,
        "timeStamp2D": 0.17100787162780762
    },
    "Total time taking images": 2.2193400859832764
}