
{
    "helios": {
        "intensity": 0.4196436405181885,
        "heatMap": 0.6178653240203857,
        "xyz": 0.38573765754699707
    },
    "flir": {
        "timeStamp": 0.3312816619873047,
        "timeStamp2D": 0.2267148494720459
    },
    "Total time taking images": 2.3963141441345215
}