
{
    "helios": {
        "intensity": 0.4064469337463379,
        "heatMap": 0.6123380661010742,
        "xyz": 0.3903229236602783
    },
    "flir": {
        "timeStamp": 0.13484573364257812,
        "timeStamp2D": 0.17233586311340332
    },
    "Total time taking images": 2.1704413890838623
}