
{
    "helios": {
        "intensity": 0.40874600410461426,
        "heatMap": 0.6136274337768555,
        "xyz": 0.4032430648803711
    },
    "flir": {
        "timeStamp": 0.0324864387512207,
        "timeStamp2D": 0.21950197219848633
    },
    "Total time taking images": 2.101123094558716
}