
{
    "helios": {
        "intensity": 0.41724348068237305,
        "heatMap": 0.6346173286437988,
        "xyz": 0.3716416358947754
    },
    "flir": {
        "timeStamp": 0.23870205879211426,
        "timeStamp2D": 0.21453332901000977
    },
    "Total time taking images": 2.283085346221924
}