
{
    "helios": {
        "intensity": 0.398174524307251,
        "heatMap": 0.6364643573760986,
        "xyz": 0.37662672996520996
    },
    "flir": {
        "timeStamp": 0.32135725021362305,
        "timeStamp2D": 0.2243049144744873
    },
    "Total time taking images": 2.361243486404419
}